"statistic","pvalue"
227.887568872346,3.84117636271994e-14
