"statistic","pvalue"
1.80776183514347,7.70862405725415e-118
