"statistic","pvalue"
0.507584075612623,8.08120872285384e-80
